{
  "Ansi 7 Color (Light)" : {
    "Green Component" : 0.93353169999999996,
    "Red Component" : 0.93353169999999996,
    "Blue Component" : 0.93353169999999996
  },
  "Ansi 15 Color (Light)" : {
    "Green Component" : 1,
    "Red Component" : 1,
    "Blue Component" : 1
  },
  "Ansi 2 Color (Light)" : {
    "Green Component" : 1,
    "Red Component" : 0.65882350000000001,
    "Blue Component" : 0.37647059999999999
  },
  "Bold Color" : {
    "Red Component" : 0.062745101749897003,
    "Color Space" : "sRGB",
    "Blue Component" : 0.062745101749897003,
    "Alpha Component" : 1,
    "Green Component" : 0.062745101749897003
  },
  "Ansi 1 Color (Dark)" : {
    "Green Component" : 0.4235294,
    "Red Component" : 1,
    "Blue Component" : 0.37647059999999999
  },
  "Use Bright Bold" : true,
  "Ansi 9 Color (Light)" : {
    "Green Component" : 0.71372550000000001,
    "Red Component" : 1,
    "Blue Component" : 0.69019609999999998
  },
  "Ansi 8 Color (Dark)" : {
    "Green Component" : 0.4862745,
    "Red Component" : 0.4862745,
    "Blue Component" : 0.4862745
  },
  "Background Color" : {
    "Red Component" : 0.97999999999999998,
    "Color Space" : "sRGB",
    "Blue Component" : 0.97999999999999998,
    "Alpha Component" : 1,
    "Green Component" : 0.97999999999999998
  },
  "Columns" : 80,
  "Ansi 8 Color" : {
    "Red Component" : 0.40781760215759277,
    "Color Space" : "sRGB",
    "Blue Component" : 0.4078223705291748,
    "Alpha Component" : 1,
    "Green Component" : 0.40782788395881653
  },
  "Right Option Key Sends" : 0,
  "Ansi 4 Color (Light)" : {
    "Green Component" : 0.79607839999999996,
    "Red Component" : 0.58823530000000002,
    "Blue Component" : 0.99607840000000003
  },
  "Blinking Cursor" : false,
  "Selected Text Color (Light)" : {
    "Green Component" : 0.94760049999999996,
    "Red Component" : 0.94760049999999996,
    "Blue Component" : 0.94760049999999996
  },
  "Selected Text Color (Dark)" : {
    "Red Component" : 0,
    "Color Space" : "P3",
    "Blue Component" : 0,
    "Alpha Component" : 1,
    "Green Component" : 0
  },
  "Cursor Type" : 1,
  "Keyboard Map" : {
    "0xf702-0x300000" : {
      "Text" : "0x1",
      "Action" : 11
    },
    "0x39-0x200000" : {
      "Text" : "9",
      "Action" : 12
    },
    "0xf703-0x300000" : {
      "Text" : "0x5",
      "Action" : 11
    },
    "0xf702-0x280000" : {
      "Text" : "b",
      "Action" : 10
    },
    "0xf703-0x280000" : {
      "Text" : "f",
      "Action" : 10
    },
    "0x38-0x200000" : {
      "Text" : "8",
      "Action" : 12
    },
    "0x2d-0x200000" : {
      "Text" : "-",
      "Action" : 12
    },
    "0x3-0x200000" : {
      "Text" : "0xd",
      "Action" : 11
    },
    "0x37-0x200000" : {
      "Text" : "7",
      "Action" : 12
    },
    "0xf728-0x0" : {
      "Text" : "0x4",
      "Action" : 11
    },
    "0x32-0x200000" : {
      "Text" : "2",
      "Action" : 12
    },
    "0x31-0x200000" : {
      "Text" : "1",
      "Action" : 12
    },
    "0x36-0x200000" : {
      "Text" : "6",
      "Action" : 12
    },
    "0xf739-0x0" : {
      "Text" : "",
      "Action" : 13
    },
    "0xf728-0x80000" : {
      "Text" : "d",
      "Action" : 10
    },
    "0x30-0x200000" : {
      "Text" : "0",
      "Action" : 12
    },
    "0x2b-0x200000" : {
      "Text" : "+",
      "Action" : 12
    },
    "0x35-0x200000" : {
      "Text" : "5",
      "Action" : 12
    },
    "0x34-0x200000" : {
      "Text" : "4",
      "Action" : 12
    },
    "0x2a-0x200000" : {
      "Text" : "*",
      "Action" : 12
    },
    "0x2f-0x200000" : {
      "Text" : "\/",
      "Action" : 12
    },
    "0x33-0x200000" : {
      "Text" : "3",
      "Action" : 12
    },
    "0x2e-0x200000" : {
      "Text" : ".",
      "Action" : 12
    },
    "0x7f-0x80000" : {
      "Text" : "0x1b 0x7f",
      "Action" : 11
    },
    "0x7f-0x100000" : {
      "Text" : "0x15",
      "Action" : 11
    }
  },
  "Ansi 3 Color (Dark)" : {
    "Green Component" : 1,
    "Red Component" : 1,
    "Blue Component" : 0.71372550000000001
  },
  "Visual Bell" : true,
  "Cursor Text Color" : {
    "Red Component" : 1,
    "Color Space" : "sRGB",
    "Blue Component" : 1,
    "Alpha Component" : 1,
    "Green Component" : 1
  },
  "Scrollback Lines" : 0,
  "Selection Color (Light)" : {
    "Green Component" : 0.22248570000000001,
    "Red Component" : 0.20990739999999999,
    "Blue Component" : 0.51530609999999999
  },
  "Ansi 0 Color" : {
    "Red Component" : 0.078431375324726105,
    "Color Space" : "sRGB",
    "Blue Component" : 0.11764705926179886,
    "Alpha Component" : 1,
    "Green Component" : 0.098039217293262482
  },
  "Match Background Color (Dark)" : {
    "Red Component" : 1,
    "Color Space" : "P3",
    "Blue Component" : 0,
    "Alpha Component" : 1,
    "Green Component" : 1
  },
  "Ansi 11 Color (Light)" : {
    "Green Component" : 1,
    "Red Component" : 1,
    "Blue Component" : 0.7996491
  },
  "Ansi 5 Color (Dark)" : {
    "Green Component" : 0.4509804,
    "Red Component" : 1,
    "Blue Component" : 0.99215690000000001
  },
  "Cursor Text Color (Light)" : {
    "Green Component" : 1,
    "Red Component" : 1,
    "Blue Component" : 1
  },
  "Silence Bell" : true,
  "Rows" : 25,
  "Guid" : "913EC47A-3AC4-4056-8074-B60DC0A18FD8",
  "Ansi 14 Color (Dark)" : {
    "Green Component" : 0.87631029999999999,
    "Red Component" : 0.87591359999999996,
    "Blue Component" : 0.99703969999999997
  },
  "Ansi 15 Color (Dark)" : {
    "Green Component" : 1,
    "Red Component" : 1,
    "Blue Component" : 1
  },
  "Ansi 0 Color (Dark)" : {
    "Green Component" : 0.30978869999999997,
    "Red Component" : 0.30978869999999997,
    "Blue Component" : 0.30978869999999997
  },
  "Ambiguous Double Width" : false,
  "Option Key Sends" : 0,
  "Ansi 3 Color" : {
    "Red Component" : 0.78058648109436035,
    "Color Space" : "sRGB",
    "Blue Component" : 0,
    "Alpha Component" : 1,
    "Green Component" : 0.76959484815597534
  },
  "Window Type" : 0,
  "BM Growl" : true,
  "Prompt Before Closing 2" : false,
  "Command" : "",
  "Left Option Key Changeable" : true,
  "Selected Text Color" : {
    "Red Component" : 0,
    "Color Space" : "sRGB",
    "Blue Component" : 0,
    "Alpha Component" : 1,
    "Green Component" : 0
  },
  "Ansi 14 Color (Light)" : {
    "Green Component" : 0.87631029999999999,
    "Red Component" : 0.87591359999999996,
    "Blue Component" : 0.99703969999999997
  },
  "Cursor Guide Color (Dark)" : {
    "Red Component" : 0.74862593412399292,
    "Color Space" : "P3",
    "Blue Component" : 0.99125725030899048,
    "Alpha Component" : 0.25,
    "Green Component" : 0.92047786712646484
  },
  "Blend" : 0.40313632246376813,
  "Send Code When Idle" : false,
  "Ansi 6 Color" : {
    "Red Component" : 0,
    "Color Space" : "sRGB",
    "Blue Component" : 0.78166204690933228,
    "Alpha Component" : 1,
    "Green Component" : 0.77425903081893921
  },
  "Jobs to Ignore" : [
    "rlogin",
    "ssh",
    "slogin",
    "telnet"
  ],
  "Badge Color (Dark)" : {
    "Red Component" : 0.92929404973983765,
    "Color Space" : "P3",
    "Blue Component" : 0.13960540294647217,
    "Alpha Component" : 0.5,
    "Green Component" : 0.25479039549827576
  },
  "Cursor Color" : {
    "Red Component" : 0,
    "Color Space" : "sRGB",
    "Blue Component" : 0,
    "Alpha Component" : 1,
    "Green Component" : 0
  },
  "Vertical Spacing" : 1,
  "Disable Window Resizing" : true,
  "Use Selected Text Color (Dark)" : true,
  "Close Sessions On End" : true,
  "Selection Color (Dark)" : {
    "Red Component" : 0.96078431372549022,
    "Color Space" : "P3",
    "Blue Component" : 0.49019607843137253,
    "Alpha Component" : 1,
    "Green Component" : 0.71764705882352942
  },
  "Default Bookmark" : "No",
  "Foreground Color (Light)" : {
    "Green Component" : 0.73333334922790527,
    "Red Component" : 0.73333334922790527,
    "Blue Component" : 0.73333334922790527
  },
  "Custom Command" : "No",